titulo,coordenada,calificacion,comentario
Restaurant SONIA,"-12.0773039,-77.1696105,11z",4,"Buena atenci√≥n y el buen sabor se mantiene, los platos de la mejor calidad. Fueron super amables con mi familia. Es un restaurante que siempre se encuentra full sobre todo fines de semana, sin embargo fui un d√≠a de semana laboral y como a‚Ä¶"
Restaurant SONIA,"-12.0773039,-77.1696105,11z",3,"Nada del otro mundo.
Regrese a Sonia despu√©s de mucho tiempo y me parece que desmejor√≥ mucho la calidad del chef.‚Ä¶"
Restaurant SONIA,"-12.0773039,-77.1696105,11z",4,"Si bien la comida es deliciosa, quiz√°s los precios son m√°s elevados de lo que podr√≠an ser. Es un restaurante con bastante historia y muy tradicional. El estilo de cocina es bastante cl√°sico en cuanto a cevicher√≠a respecta. El lugar es lindo, la m√∫sica buena y la atenci√≥n amable."
Restaurant SONIA,"-12.0773039,-77.1696105,11z",5,"He vuelto despu√©s de muchos a√±os y debo decir que sigue siendo tan rico como lo recuerdo, con su buen ambiente, m√∫sica de caj√≥n, buen servicio y hasta rapidez. Variedad de platos de pescados y mariscos. Lo recomiendo."
Restaurant SONIA,"-12.0773039,-77.1696105,11z",1,"Vi los reviews y por eso fuimos probar a este cevicheria, en si los platos y la jarra de bebida est√° m√°s caro que los cevicheria normales de su nivel. Pedimos la ronda fr√≠a que cuesta 120 soles que est√° caro y la calidad y cantidad de‚Ä¶"
Restaurant SONIA,"-12.0773039,-77.1696105,11z",1,"Ped√≠ una parihuela, que no fue nada de mi agrado, ten√≠a demasiado chu√±o es decir no era un caldo espeso, sino una especie de viscoso
Mi esposa pidi√≥ un arroz con mariscos y tampoco fue de el agrado de mi esposa‚Ä¶"
Restaurant SONIA,"-12.0773039,-77.1696105,11z",4,"Me gust√≥ estos dos platos, estuve delicioso üòã‚Ä¶"
Restaurant SONIA,"-12.0773039,-77.1696105,11z",5,"Este lugar es super caleta, atienden a puerta cerrada. Ir a comer por aqu√≠ no solo fue un almuerzo sino toda una experiencia. Tiene un ambiente super familiar, m√∫sica bien peruana en vivo (cover 10 soles aparte de los que pidas). La comida‚Ä¶"
Restaurant SONIA,"-12.0773039,-77.1696105,11z",1,Nos dejaron esperando en la puerta. Le pedimos al administrador que nos haga esperar adentro y nos dijo con desd√©n que no pod√≠a garantizar seguridad y que roban en todos lados.‚Ä¶
Restaurant SONIA,"-12.0773039,-77.1696105,11z",1,La seguridad del local es p√©sima. Te hacen esperar afuera del local. Ya que en el local atienden a puerta cerrada. Afuera del local pasan gente de mal vivir que en cualquier momento te ROBAN. Su respuesta de la recepci√≥n cuando le pedimos‚Ä¶
Restaurant SONIA,"-12.0773039,-77.1696105,11z",5,Excelente lugar para comer pescado en Lima. Calidad m√°xima a precio razonable. Buen ambiente y muy buen servicio.
Restaurant SONIA,"-12.0773039,-77.1696105,11z",5,"Sonia un Restaurante que nunca perdi√≥ su excelente Calidad, un gusto volver y encontrar los ambientes de siempre y ese sabor especial de su Carta Marina, saludos al esposo de la Sra. Sonia y a su hijo y nieto.
Bendiciones."
Restaurant SONIA,"-12.0773039,-77.1696105,11z",5,"Es buenardo por donde lo mires. Una comida excelente, atenci√≥n formidable y calidez en el ambiente. Muy recomendable. Comer causitas, ceviche y chita y cabrillas laminado de ajo"
Restaurant SONIA,"-12.0773039,-77.1696105,11z",5,"Maravilloso almuerzo y bella historia de este restaurant, de amor y esfuerzo. Totalmente recomendado, los sabores los sorprender√°n."
Restaurant SONIA,"-12.0773039,-77.1696105,11z",5,"Los platos muy ricos, el ambiente acogedor en verano, la atenci√≥n podr√≠an mejorar, los ba√±os necesitan limpieza constante."
Restaurant SONIA,"-12.0773039,-77.1696105,11z",3,"un lugar acogedor , su leche de tigre estaba bueno , prove el chicharron de chicharron  rico pero muy poquito  y su pusco saur esta masomenos"
Restaurant SONIA,"-12.0773039,-77.1696105,11z",5,Muy bueno  en sus platos y la atenci√≥n
Restaurant SONIA,"-12.0773039,-77.1696105,11z",4,"Lugar un poco escondido con atenci√≥n a puerta cerrada.
La atenci√≥n en mesa es buena y sirven r√°pido.
Los platos son buenos, tienen amplia variedad. El sabor se logra, pero pueden‚Ä¶"
Restaurant SONIA,"-12.0773039,-77.1696105,11z",5,"Excelente comida, muy buena atenci√≥n.. lo recomiendo"
Restaurant SONIA,"-12.0773039,-77.1696105,11z",1,"Ni servilletas, y en vez de leche tigre te dan pichi de tigre, un 6 chicharrones mixtos por 50 soles , un robo...no recomiendo
Gracias"
Restaurant SONIA,"-12.0773039,-77.1696105,11z",5,"Primera vez que iba, me lo recomendaron, buenos platos, buen servicio"
Restaurant SONIA,"-12.0773039,-77.1696105,11z",5,"Es un restaurante que es muy bueno para estar de familia o solo, en cual el atenci√≥n al cliente es excelente y la comida, riqu√≠sima, recomendable."
Restaurant SONIA,"-12.0773039,-77.1696105,11z",5,"Muy rico!  Lugar acogedor. Una combinaci√≥n de buen sabor con buena m√∫sica en vivo. Pedir siempre de postre los picarones, son deliciosos"
Restaurant SONIA,"-12.0773039,-77.1696105,11z",5,Excelente  comida amenizada con m√∫sica criolla en vivo.100 % recomendable.
Restaurant SONIA,"-12.0773039,-77.1696105,11z",2,Bonito ambiente pero mala calidad de los ceviches que ped√≠.
Restaurant SONIA,"-12.0773039,-77.1696105,11z",4,"El ambiente es muy bonito con m√∫sica en vivo. Los platos que pedimos muy buenos, ceviche de pescado del d√≠a y risotto a la huanca√≠na con pulpo a la parrilla."
Restaurant SONIA,"-12.0773039,-77.1696105,11z",5,"Me encant√≥ venir! Excelente comida, m√∫sica en vivo, muy buena atenci√≥n. Un ambiente s√∫per bonito. Sin duda volver√≠a."
Restaurant SONIA,"-12.0773039,-77.1696105,11z",5,"Una cevicher√≠a tradicional, el due√±o siempre vestido tal cual las fotos de hace d√©cadas."
Restaurant SONIA,"-12.0773039,-77.1696105,11z",1,La presentaci√≥n es buena y el ambiente. Por eso una estrella pero al final uno va a un restaurante es para comer. PED√ç el ceviche del d√≠a y me dieron uno que ten√≠a trozos de pescado congelados. ¬øDonde pescaron eso? ... Pues aparentemente en‚Ä¶
Restaurant SONIA,"-12.0773039,-77.1696105,11z",5,"Lugar recomendable para disfrutar de comida marina, este es un huarique de conocedores de la buena comida, atiende a puerta cerrada. Solo toque y ser√° bienvenido, buena carta y mejor atenci√≥n."
Restaurant SONIA,"-12.0773039,-77.1696105,11z",4,"Restaurante con una decoraci√≥n muy particular, platos ricos y variados, bien servidos, tambiwn venden fuentes. Uno de sus platos estrella es El chupe de camarones,  Chita al ajo, Pulpo a la parrilla.‚Ä¶"
Restaurant SONIA,"-12.0773039,-77.1696105,11z",5,"Muy rico, no tiene letrero, lo ubicas x la embarcacion en la puerta"
Restaurant SONIA,"-12.0773039,-77.1696105,11z",5,"Uno de mis lugares favorites en todo el mundo.
Muy buena comida, servicio r√°pido y efectivo y m√∫sica en vivo impresionante!
Arriba Per√∫!"
Restaurant SONIA,"-12.0773039,-77.1696105,11z",5,"Muy buen ceviche y el sudado, tiene m√∫sica piano en vivo."
Restaurant SONIA,"-12.0773039,-77.1696105,11z",3,"Noo pasa nada, fui con mucha expectativa.. pero me decepcione ‚òπÔ∏è‚òπÔ∏è

De entrada no m√°s te aguantan.. tiene reserva??? Si el local estaba vac√≠o, solo‚Ä¶"
Restaurant SONIA,"-12.0773039,-77.1696105,11z",5,"Mejor imposible excelente lugar, comida y servicio recomendado al 100%"
Restaurant SONIA,"-12.0773039,-77.1696105,11z",4,Buena opci√≥n para comida marina. Recomendable no llevar veh√≠culo.
Restaurant SONIA,"-12.0773039,-77.1696105,11z",4,"Buena atenci√≥n. Me gusta su jugo de maracuy√°, muy bueno."
Restaurant SONIA,"-12.0773039,-77.1696105,11z",4,"Lo malo: poco estacionamiento hay que ir temprano para encontrar sitio, el ambiente dentro del local es muy amigable y espacioso con buena decoraci√≥n pero las sillas peque√±as y poco c√≥modas.‚Ä¶"
Restaurant SONIA,"-12.0773039,-77.1696105,11z",5,"Todo es incre√≠ble! La comida, el ambiente y la atenci√≥n"
Restaurant SONIA,"-12.0773039,-77.1696105,11z",4,"Para ingresar es mejor hacerlo con reserva porque se llena r√°pidamente, a pesar que no hay lugar para estacionar hay una persona que ayuda al respecto. El local tiene buen ambiente aunque la m√∫sica del piano est√° elevada y no permite una‚Ä¶"
Restaurant SONIA,"-12.0773039,-77.1696105,11z",1,"Pesimo customer service. Venimos con mi esposa desde USA, llegamos 3:50pm y el local estaba cerrado. Tocamos el timbre y nos recibio un joven con mala cara diciendo que ya estaban cerrando. Supuestamente Cierra 5pm. Habiamos tomado un taxi‚Ä¶"
Restaurant SONIA,"-12.0773039,-77.1696105,11z",4,"Agradable ambiente calidad precio 4/5 creo que pueden mejorar cambiando sus individuales que la verdad no me parece que sean de pl√°stico y las sillas, son super inc√≥modas. La comida muy bien, aunque para ser sincero la causa demasiado peque√±a. Los fr√≠os muy bien, le falta un buen risotto."
Restaurant SONIA,"-12.0773039,-77.1696105,11z",5,"Excelente Comida, excelente Servicio, Ambiente agradable. Gracias por todo. Mis Amigos quedaron muy satisfechos."
Restaurant SONIA,"-12.0773039,-77.1696105,11z",5,Muy buena comida. El ceviche de lenguado buenisimo.
Restaurant SONIA,"-12.0773039,-77.1696105,11z",5,"Un lugar m√°gico donde ser refleja sus an√©cdotas a trav√©s de su decoraci√≥n, con una variada gastronom√≠a peruana extraordinaria..."
Restaurant SONIA,"-12.0773039,-77.1696105,11z",5,Excelente comida y el local muy acogedor con m√∫sica en vivo y un show particular
Restaurant SONIA,"-12.0773039,-77.1696105,11z",5,Fant√°stico lugar para degustar la comida local del Per√∫. Te recomiendo llegar temprano (antes de las hrs usuales) para encontrar mesa. La historia y tradici√≥n del lugar se sienten en cada rinc√≥n.
Restaurant SONIA,"-12.0773039,-77.1696105,11z",4,Un cl√°sico de siempre con el mismo buen servicio y su buena saz√≥n.
Restaurant SONIA,"-12.0773039,-77.1696105,11z",4,Particularmente tengo tantos a√±os visitando Sonia que fui este S√°bado y definitivamente no es el mismo....el ceviche 70% el pescado a la chorrillana le falt√≥ jugo y no hab√≠a m√∫sica criolla ....
Restaurant SONIA,"-12.0773039,-77.1696105,11z",3,"La comida buena, el servicio p√©simo, el administrador nada atento (fuimos un grupo de 15 personas y quer√≠amos cuentas separadas y se enojaron por eso). No hay estacionamiento, debes estacionar subido en la vereda, no hay rampa para discapacitados."
Restaurant SONIA,"-12.0773039,-77.1696105,11z",1,No es justo lo que cobran te dan cosas p√©sima
Restaurant SONIA,"-12.0773039,-77.1696105,11z",5,"Excelente del principio al fin, todos los platos, la cordialidad y el buen pescado"
Restaurant SONIA,"-12.0773039,-77.1696105,11z",5,"100% recomendado; la comida es muy rica, platos clasicos sin tanto adorno o variacion del sabor y el personal que atiende es muy amable."
Restaurant SONIA,"-12.0773039,-77.1696105,11z",1,"Fue una decepci√≥n, nada que ver con el restaurante pre pandemia, desde el tama√±o de la porci√≥n que tampoco  debe ser necesariamente grande, hasta la preparacion: el pulpo al olivo era un plato a base de habas y ma√≠z  y no de pulpo; el‚Ä¶"
Restaurant SONIA,"-12.0773039,-77.1696105,11z",5,Muy rica la comida. Me gusta la decoraci√≥n porque el due√±o es un pescador. Lo √∫nico que los precios un poco caros. S/100 por persona.
Restaurant SONIA,"-12.0773039,-77.1696105,11z",5,"Todo muy bueno, excelente servicio y muy buen ambiente!!"
Restaurant SONIA,"-12.0773039,-77.1696105,11z",5,"Todo muy rico, cebiche de lenguado con pulpo üòã, chicharr√≥n mixto!!! Buenazo!!!‚Ä¶"
Restaurant SONIA,"-12.0773039,-77.1696105,11z",5,Excelente!!! Mezcla de buena comida y ambiente con m√∫sica en vivo. Los precios obscenazos eso si...
Restaurant SONIA,"-12.0773039,-77.1696105,11z",3,"Hace much√≠simo tiempo acud√≠ al lugar y me qued√© con una buena saz√≥n. Esta vez no me agrad√≥ para nada la comida, la saz√≥n p√©sima y los precios demasiados elevados."
Restaurant SONIA,"-12.0773039,-77.1696105,11z",5,"Me encant√≥! Hubo m√∫sica en vivo, un ceviche delicioso, gran servicio y el mismo due√±o se acerc√≥ a la mesa a saludar y tomarse fotos con nosotros. Parece una peque√±a caba√±a de pescadores, con un bote decorando la entrada y redes de pescar en todo el espacio. Realmente acogedor."
Restaurant SONIA,"-12.0773039,-77.1696105,11z",5,Buenisima atencion y deliciosos platos. Lo recomiendo !
Restaurant SONIA,"-12.0773039,-77.1696105,11z",1,"Qu√© decepci√≥n, hab√≠a escuchando bastante de este local, pero no pasa nada, el ceviche de lenguado y el pescado a la chorrillana sin sabor, no lo vale Precio, calidad üëéüèª Lo √∫nico rico fue la chicha morada. Definitivamente no regreso y No lo recomiendo!‚Ä¶"
Restaurant SONIA,"-12.0773039,-77.1696105,11z",4,"Vuelvo despu√©s de alg√∫n tiempo  al emblem√°tico restaurante que lleva el nombre de quien en vida fue su principal gestora , SONIA , sigue igualito , buena comida , la atenci√≥n buena pero los mozos deber√≠an saber de que consta cada plato para absolver preguntas al respecto , por lo dem√°s todo excelente"
Restaurant SONIA,"-12.0773039,-77.1696105,11z",4,"Muy rico la verdad, conserva su saz√≥n, el cebiche 10 puntos de lenguado lo mejor. El pulpo al olivo exquisita su textura y el chaufa de pescado muy bueno.Menci√≥n aparte su leche de tigre y su tacu tacu con filete de pescado."
Restaurant SONIA,"-12.0773039,-77.1696105,11z",5,Pescado fresco y excelente cocina
Restaurant SONIA,"-12.0773039,-77.1696105,11z",5,"Buen√≠simo, solo pedir el pulpo a la parrilla m√°s crocante. Pedimos ronda fr√≠a, jalea mixta, leche de tigre y arroz con mariscos, todo excelente."
Restaurant SONIA,"-12.0773039,-77.1696105,11z",5,"Excelente lugar y atenci√≥n , comida espectacular"
Restaurant SONIA,"-12.0773039,-77.1696105,11z",5,muy bueno y cerrando con lo mejor  deliciosos picarones con miel de higo
Restaurant SONIA,"-12.0773039,-77.1696105,11z",3,"un lugar donde se puede ir en familia, se come muy bien, excelente comida, fresca, y buena presentaci√≥n de platos t√≠picos peruanos, me encanto"
Restaurant SONIA,"-12.0773039,-77.1696105,11z",5,"Es uno de los mejores restaurantes que he visto.  La atenci√≥n es de lo mejor y la comida tambi√©n.  Tienen una gran variedad de platos marinos y criollos.  Es un poco caro, pero vale la pena el gasto.  ¬°¬°Se los recomiendo!!"
Restaurant SONIA,"-12.0773039,-77.1696105,11z",5,"Me sorprendio bastante el lugar, facil de llegar, buen ambiente y muy buena la comida."
Restaurant SONIA,"-12.0773039,-77.1696105,11z",3,"Lamentablemente no es lo que espere, lo √∫nico rescatable de los quE ped√≠ fue el chaufa de pescado, el ceviche muy cocinado y √°cido, los tiradores tambi√©n mucho lim√≥n, la jalea familiar contundente pero pasada de sal.‚Ä¶"
Restaurant SONIA,"-12.0773039,-77.1696105,11z",5,Regres√© despu√©s de varios a√±os y comprob√© que la atenci√≥n y la calidad de los platos se han mantenido en el tiempo.Todo DELI!!!
Restaurant SONIA,"-12.0773039,-77.1696105,11z",5,"El sitio tiene buena decoraci√≥n y buen ambiente. Hay m√∫sica en vivo y el due√±o se acerca a las mesas de los comensales para saludarlos y tomarse fotos. La comida estuvo rica, el cevichito buenazo."
Restaurant SONIA,"-12.0773039,-77.1696105,11z",4,La comida es muy buena y el precio es lo de menos. Probar su comida marina es una experiencia de sabor. El sitio es complicado para conseguir estacionamiento por eso se debe ir temprano. La atenci√≥n es amable y sirven la comida en buen‚Ä¶
Restaurant SONIA,"-12.0773039,-77.1696105,11z",5,Exquisitoooo todo es delicioso y el lugar acogedor.
Restaurant SONIA,"-12.0773039,-77.1696105,11z",5,"Ambiente familiar,  atendido por sus due√±os, m√∫sica agradable.  S√≥lo comentarios positivos en cada una de mis visitas"
Restaurant SONIA,"-12.0773039,-77.1696105,11z",5,"Buena comida marina, personal atento, precios razonables y ambiente agradable con m√∫sica en vivo interpretada por un maestro pianista. Lo recomiendo"
Restaurant SONIA,"-12.0773039,-77.1696105,11z",4,"El lugar es bonito, la comida buena y el ambiente (criolllo) es muy agradable. Tiene un espect√°culo de m√∫sica en vivo, bastante interesante. Solo sugerir√≠a mejorar la presentaci√≥n y guarnici√≥n de los platos. Me pareci√≥ un poco pobre para el precio. Por lo dem√°s, es un buen lugar."
Restaurant SONIA,"-12.0773039,-77.1696105,11z",4,"Todo un cl√°sico de la cocina lime√±a. Local sin pretensiones, modesto, con un aceptable servicio y una buena atenci√≥n. Donde el restaurante muestra sus excelencias es una vez que empiezan a servirte la comida en la mesa. Muy recomendable el cebiche, el pulpo al olivo, el chupe de camarones y la chita frita."
Restaurant SONIA,"-12.0773039,-77.1696105,11z",4,"Me encant√≥ el ceviche, el mejor que he probado hasta ahora, m√∫sica en vivo (fui un s√°bado), el pescador del restaurante recit√≥ un poema que lleg√≥ al coraz√≥n, excelente decoraci√≥n, todo de pescadores, las redes, las boyas, me hace recordar a‚Ä¶"
Restaurant SONIA,"-12.0773039,-77.1696105,11z",5,"Imperdible por el sabor y la tradici√≥n que tienen de poner m√∫sica en vivo.
Adem√°s, cada hora sale el pescador del lugar mostrando la pesca del d√≠a y recitando poes√≠as para acompa√±ar el momento. Es recomendable para cualquiera sea turista o peruano."
Restaurant SONIA,"-12.0773039,-77.1696105,11z",3,"El lugar es limpio, cumplen con todos los protocolos, se come mas o menos bien, el ceviche no me gust√≥ y los precios me parecen demasiado  caro."
Restaurant SONIA,"-12.0773039,-77.1696105,11z",4,Sirven uno de los ceviches m√°s ricos de Lima!! Tienes que probarlo!!!
Restaurant SONIA,"-12.0773039,-77.1696105,11z",4,"Se da a conocer como un acogedor rinconcito de chorrillos, donde podr√°s escuchar m√∫sica criolla en vivo por talentosos maestros. Tienen una extensa carta de comida marina que te tomar√°n minutos en decidir que degustaras. Recomiendo llegar temprano puesto que el espacio para estacionar es reducido y suele llenarse."
Restaurant SONIA,"-12.0773039,-77.1696105,11z",1,"Deber√≠a ser 00 si no fuera por la atenci√≥n de los mozos.
Su comida salada.
Precio excesivo con sus platos que tiene.
Eh probado mejores platos y menor costo."
Restaurant SONIA,"-12.0773039,-77.1696105,11z",5,"Super bueno! Toda la combinaci√≥n de la comida, la atenci√≥n y la m√∫sica del piano hacen un ambiente s√∫per agradable y ni que decir de los picarones. Todo muy bueno  Una experiencia muy agradable."
Restaurant SONIA,"-12.0773039,-77.1696105,11z",3,"Se supone q es un huarique y deberian servir bien y no a lo Gaston q parece para degustacion y no como debe ser un huarique, donde se sirve generoso y bien. La comida esta bien, el cebiche bien, el chicharron algo tela y ni q decir de la‚Ä¶"
Restaurant SONIA,"-12.0773039,-77.1696105,11z",4,"Lugar familiar, escondido y tranquilo. El servicio es cortes y acomedido. No tiene cochera, el ceviche es aceptable, ir√≥nicamente no lo recomiendo por costo beneficio. Los precios no van de acuerdo a la calidad, infraestructura y sabor de bebidas."
Restaurant SONIA,"-12.0773039,-77.1696105,11z",1,"Fue una experiencia desagradable, primero tratamos de pedir una chita al ajo pero me dijeron que no tenian y que en vez de eso tenian cabrilla entera y que lo cobraban a 180, casi el doble del que yo le pedi. Decepcionado le pedimos una‚Ä¶"
Restaurant SONIA,"-12.0773039,-77.1696105,11z",3,"Pueden mejorar, se demoraron demasiado en traerme una guarnici√≥n, y se demoraron la vida en traernos la cuenta. Estuvo rico pero no a ese precio. Lo chevere es que el due√±o sale a recitar vestido de pescador."
Restaurant SONIA,"-12.0773039,-77.1696105,11z",2,"La comida estaba buena aunque no wau, el mozo que nos atendi√≥ era super pedante, hab√≠a otro que atend√≠a mejor pero para mala suerte es la segunda vez que nos toca el mismo malagracia. Desde  la atenci√≥n del mozo malogr√≥ la experiencia."
Restaurant SONIA,"-12.0773039,-77.1696105,11z",5,"Un primo me lo recomende, fui en el 2013 con mi esposa que es colombiana y le encanta la comida peruana. Tuvimos la oportunida de conocer al due√±o muy amable el sencillo. Se tomo una foto con nosotros bien chevere. La decoracion del lugar‚Ä¶"
Restaurant SONIA,"-12.0773039,-77.1696105,11z",5,"Muy buena comida, especialmente chupe de langostinos delicioso"
Restaurant SONIA,"-12.0773039,-77.1696105,11z",5,"Muy buena saz√≥n, el pescado muy fresco que le da un sabor especial a sus platos .."
Restaurant SONIA,"-12.0773039,-77.1696105,11z",4,"Excelent sea food. El lugar es muy encaletado, pero acogedor y muy bien ambientado. La comida est√° de m√°s decir que es muy buena, a pesar de los precios un poco elevados. La calidad del servicio es un  tema que se puede mejorar. A√∫n as√≠ vale la pena ir."
Restaurant SONIA,"-12.0773039,-77.1696105,11z",5,"El mejor ceviche de conchas negras de todo Lima. Simplemente espectacular, hay buena m√∫sica y el ambiente te transporta al mar. Cuesta conseguir espacio donde estacionar."
Restaurant SONIA,"-12.0773039,-77.1696105,11z",5,"Excelente en todo los aspectos, la comida, el ambiente y sobre todo la atenci√≥n d√≥nde hasta los fundadores te abren la puerta y te muestran el lugar."
Restaurant SONIA,"-12.0773039,-77.1696105,11z",5,Excelente Comida .Muy Buena Atenci√≥n
Restaurant SONIA,"-12.0773039,-77.1696105,11z",4,"Excelente atencion y deliciosa comida en un grato ambiente, recomendado 100%"
Restaurant SONIA,"-12.0773039,-77.1696105,11z",1,"Ceviche podrido, reclamas y t cancelan el pedido pr√°cticamente r botan de lugar p√©sima atenci√≥n
No es lo mismo de a√±os atras!"
Restaurant SONIA,"-12.0773039,-77.1696105,11z",5,Maravillo el lugar la atenci√≥n y la comida. Recomiendo el ceviche y el pulpo al olivo entre otras delicias q pueden degustar
Restaurant SONIA,"-12.0773039,-77.1696105,11z",1,"Mal√≠sima, no te dan mariscos pura Lapa   el pisco sour es con un pisco de √∫ltima,  la atenci√≥n p√©sima y encima se tiene que esperar en la calle, le falta mucho para poder ser de buena calidad y el floro de la m√∫sica con el cover lo mismo de siempre."
Restaurant SONIA,"-12.0773039,-77.1696105,11z",5,Lo m√°ximo todo fresco‚Ä¶. Una pena no pude tomarme foto con el due√±o ü•π‚Ä¶
Restaurant SONIA,"-12.0773039,-77.1696105,11z",5,Muy bueno
Restaurant SONIA,"-12.0773039,-77.1696105,11z",5,"Ambiente agradable, tranquilo."
Restaurant SONIA,"-12.0773039,-77.1696105,11z",1,"No les recomiendo para nada este lugar, es puro nombre si bien algunos platos son agradables pero no wow como el pescado a lo macho, no les recomiendo el ceviche de la casa..literal me vinieron dos pedazos de lenguado, puro pulpo y dos‚Ä¶"
Restaurant SONIA,"-12.0773039,-77.1696105,11z",3,"Mucha fama pero no es para tanto. Una Chita al ajo de 1.5kg 300 soles, no era ninguna maravilla, incluso la carne un poco seca. El chupe de camarones 50 soles, siendo un cuenco peque√±o  con poca cantidad por ese precio. El cebiche muy rico."
Restaurant SONIA,"-12.0773039,-77.1696105,11z",3,"Buena comida, deben mejorar calidad del servicio con buenas servilletas y üç¥ cubiertos de mejor calidad, sus precios ameritan una mejor calidad de servucios no s√≥lamente buena comifa‚Ä¶"
Restaurant SONIA,"-12.0773039,-77.1696105,11z",5,La atenci√≥n es inmejorable y los platillos est√°n deliciosos...todas las opciones del men√∫ son excelentes. Un imperdible de Lima. Gracias Christian por el esmero en tu trabajo...lo haces sentir a uno como en casa.
Restaurant SONIA,"-12.0773039,-77.1696105,11z",3,Calidad precio no justifica las causas en realidad son mini causa y para el precio a pesar que tiene buen sabor demasiado caro a ese precio prefiero Fiestas
Restaurant SONIA,"-12.0773039,-77.1696105,11z",5,"Restaurante Marino,  tradici√≥n en chorrillos y de los mejores en Per√∫.
Exquisita preparaci√≥n, deben visitarlo."
Restaurant SONIA,"-12.0773039,-77.1696105,11z",3,"El ambiente y la atenci√≥n muy buena los platos me parecieron regulares, com√≠ camarones al ajo y en sudado, los camarones eran peque√±os algo que podr√≠an cuidar para ofrecer un plato de muy buena calidad."
Restaurant SONIA,"-12.0773039,-77.1696105,11z",1,"Terrible ATENCION!
El hombre de la puerta malcriado, una actitud horrible cada gente que va sentando te CIERRA la puerta en la cara! Le traen trabajo y aun as√≠ su mal humor üòí‚Ä¶"
Restaurant SONIA,"-12.0773039,-77.1696105,11z",4,"Excelente lugar con la tradici√≥n de la comida peruana intacta, la atenci√≥n es muy amable.
Muy recomendable"
Restaurant SONIA,"-12.0773039,-77.1696105,11z",5,"Super fresco, pesca del d√≠a, riqu√≠simo todo"
Restaurant SONIA,"-12.0773039,-77.1696105,11z",5,"Uno de los restaurantes √≠conos de la comida peruana en Lima. Platos t√≠picos con la presentaci√≥n casera, porciones abundantes. Buena atenci√≥n y servicio. El ceviche una gloria.‚Ä¶"
Restaurant SONIA,"-12.0773039,-77.1696105,11z",3,"El ceviche estaba bueno, la causa de pulpo tambi√©n pero el arroz con mariscos no. Para el precio que tienen los platos que es alrededor de 40 soles esperaba las porciones un poco m√°s grandes."
Restaurant SONIA,"-12.0773039,-77.1696105,11z",4,"Conserva el ambiente que lo hizo famoso, una buena carta y platos a cual mejor.
Vale la pena darse una vuelta"
Restaurant SONIA,"-12.0773039,-77.1696105,11z",5,Excelente los platos. Es uno de los lugares de mi preferencia.
Restaurant SONIA,"-12.0773039,-77.1696105,11z",5,El mejor chupe de camarones
Restaurant SONIA,"-12.0773039,-77.1696105,11z",1,El pescado no estuvo como siempre esta vez me toco un pescado frito que no estaba crocante y la atenci√≥n no fue buena ü•∫ un restaurant menos en mi lista ü•∫‚Ä¶
Restaurant SONIA,"-12.0773039,-77.1696105,11z",3,"Un lugar donde se come m√°s o menos, su cebiche rico, sus calamares no pasa nada, un litro de maracuya 25 soles demaciado caro, yo no regreso.."
Restaurant SONIA,"-12.0773039,-77.1696105,11z",4,Muy rico pero a las 3.35 ya empiezan a decirte q no te pueden atender porque cierran 4pm. Demasiadp temprano
Restaurant SONIA,"-12.0773039,-77.1696105,11z",5,"Lo recomiendo, la comida es deliciosa üòã.‚Ä¶"
Restaurant SONIA,"-12.0773039,-77.1696105,11z",4,Precios bastante altos pero se recibe calidad.  El personal es muy atento y trabajan a puerta cerrada. No hay parqueo. Solo pueden estacionar en la v√≠a p√∫blica.
Restaurant SONIA,"-12.0773039,-77.1696105,11z",4,Excelente lugar para comer algo en base a pescado.
Restaurant SONIA,"-12.0773039,-77.1696105,11z",5,Excelente comida en especial las conchas y lenguados
Restaurant SONIA,"-12.0773039,-77.1696105,11z",4,"Ped√≠ sudado de lenguado y me pareci√≥ muy sabroso, el lugar est√° un poco escondido y tienes que tocar el timbre porque hac√≠a la fachada no se ve nada"
Restaurant SONIA,"-12.0773039,-77.1696105,11z",1,"A qui√©n se le ocurre cobrar una jalea de LISA a 79 soles. Ese pescado crece en los desag√ºes. Sal√≠ corriendo, ni m√°s."
Restaurant SONIA,"-12.0773039,-77.1696105,11z",5,Muy buena comida y servicio.
Restaurant SONIA,"-12.0773039,-77.1696105,11z",5,Sus platos son muy buenos siempre y la atenci√≥n magn√≠fica. Un lugar ya tradicional
Restaurant SONIA,"-12.0773039,-77.1696105,11z",5,Excelente ceviche vale mucho la pena y m√°s por su tradici√≥n.
Restaurant SONIA,"-12.0773039,-77.1696105,11z",5,"Una deliciosa comida como se debe preparar con frutos del mar s√∫per frescos y con la Sason de anta√±o, 1,000 recomendable."
Restaurant SONIA,"-12.0773039,-77.1696105,11z",5,es lo maximo me encanta le doy 5 cinco estrellas es una cosa increible la mejor cevicheria del mundo saludos.
Restaurant SONIA,"-12.0773039,-77.1696105,11z",5,"Excelente comida muy rica, buen ambiente
Gente amable atendiendo"
Restaurant SONIA,"-12.0773039,-77.1696105,11z",5,Muy buena la atenci√≥n. Comida fresca y al gusto del cliente
Restaurant SONIA,"-12.0773039,-77.1696105,11z",3,Rica comida pero precios del pescado entero demasiado caro para lo que era. 180 soles y 25 la jarra de chicha.. Hab√≠a m√∫sica en vivo
Restaurant SONIA,"-12.0773039,-77.1696105,11z",5,Ambiente confortable y privado..restaurant a puerta cerrada... excelente comida (pescados y mariscos)... bien sabor y precios accesibles..
Restaurant SONIA,"-12.0773039,-77.1696105,11z",5,La comida exquisita el ambiente  calido y acogedor muy seguro
Restaurant SONIA,"-12.0773039,-77.1696105,11z",1,"Muy sobre valorado, atencion deficiente sus platos nada especial hay muchos otros sitios en Lima para comer con mayor calidad a mejores precios y atencion general...salimos decepcionados!"
Restaurant SONIA,"-12.0773039,-77.1696105,11z",1,"La comida no tiene buen sabor y sirven demasiado poquito que pena en su af√°n de convertirse en gourmet para cibrar carisimo perdi√≥ su esencia.
No lo recomiendo para nadaaaaaa!!!!!"
Restaurant SONIA,"-12.0773039,-77.1696105,11z",5,"Un buen lugar para degustar platos sobrr la base de pescados y mariscos, en el coraz√≥n de Chorrillos."
Restaurant SONIA,"-12.0773039,-77.1696105,11z",5,"Demasiado bueno, la mejor parihuela que he probado en mi vida. La chita al ajo buenaza y el ceviche ni qu√© hablar."
Restaurant SONIA,"-12.0773039,-77.1696105,11z",5,"Delicia de comida peruana. Se atiende a puerta cerrada, debe tocar en puerta. Se cobra 10.00 soles adicionales de cover, por show que se presenta."
Restaurant SONIA,"-12.0773039,-77.1696105,11z",5,"Siempre super, casi lo mejor en Lima para pescados y mariscos!!"
Restaurant SONIA,"-12.0773039,-77.1696105,11z",2,Muy mala experiencia.....
Restaurant SONIA,"-12.0773039,-77.1696105,11z",5,"Muy bueno,,la atenci√≥n exelente"
Restaurant SONIA,"-12.0773039,-77.1696105,11z",5,Buenos pisco sour y la comida tambi√©n es rica
Restaurant SONIA,"-12.0773039,-77.1696105,11z",5,"Si deseas pasar un momento agradable  disfrutar la hesquisites y variedad de su comida,Mariscos,pescado. Les recomiendo,me sent√≠ como es casa. Queda en chorrillos: SONIA"
Restaurant SONIA,"-12.0773039,-77.1696105,11z",5,Excelente atenci√≥n y los platos muy buenos felicitaciones üí™üíØüáµüá™‚Ä¶
Restaurant SONIA,"-12.0773039,-77.1696105,11z",2,"No habia lo que queria comer y me cobraron 25 soles por una jarra de litro de chicha, me parecio muy caro"
Restaurant SONIA,"-12.0773039,-77.1696105,11z",5,Un buen lugar donde se puede comer un buen ceviche y un ambiente muy rustico y acojedor. Y sobre todo bien caleta.
Restaurant SONIA,"-12.0773039,-77.1696105,11z",5,Muy ricos platos me gusto su huevera a lo macho.
Restaurant SONIA,"-12.0773039,-77.1696105,11z",3,La ambientaci√≥n y el piano aportan al sabor de los platos qu√© dejaron de ser contundentes.
Restaurant SONIA,"-12.0773039,-77.1696105,11z",5,"Excelente lugar. Buena comida, buen ambiente, m√∫sica en vivo; y personal siempre atento a los clientes."
Restaurant SONIA,"-12.0773039,-77.1696105,11z",5,"Muy buenos platos, pero muy gurmet"
Restaurant SONIA,"-12.0773039,-77.1696105,11z",1,"No es  buen lugar lo siento soy muy sincero,  hagamos del ceviche un algo m√°s excelente que solo cobrar."
Restaurant SONIA,"-12.0773039,-77.1696105,11z",5,Buena saz√≥n ...buena atenci√≥n..personal amable y respetuosoüòÄüòÄüòÄ‚Ä¶
Restaurant SONIA,"-12.0773039,-77.1696105,11z",5,La.mejor experiencia entre el mar y la tierra
Restaurant SONIA,"-12.0773039,-77.1696105,11z",4,Los platos muy ricos pero el ambiente r√∫stico no justifica los precios.
Restaurant SONIA,"-12.0773039,-77.1696105,11z",5,Maravilloso lugar. Excelente comida.
Restaurant SONIA,"-12.0773039,-77.1696105,11z",4,Antes era mejor
Restaurant SONIA,"-12.0773039,-77.1696105,11z",5,"Buenos choritos a la chalaca, arroz con mariscos y su picante de mariscos...lo mejor ."
Restaurant SONIA,"-12.0773039,-77.1696105,11z",4,Recomendable la huevera frita y la leche de tigre. El chilcano muy bueno.
Restaurant SONIA,"-12.0773039,-77.1696105,11z",3,"La comida ok, nada especial. El local est√° igual que hace 25 a√±os, no cambi√≥. No es barato, yo dir√≠a que todo lo contrario. Atravesar Lima para ir a Sonia no vale la pena, hay muchas otras ofertas m√°s interesantes."
Restaurant SONIA,"-12.0773039,-77.1696105,11z",5,"Excelente Restaurante, excelente servicio. Me encanta es nuestro lugar preferido."
Restaurant SONIA,"-12.0773039,-77.1696105,11z",4,Muy recomendable despu√©s de los mariscos cerrar con unos ricos picarones lo m√°ximo
Restaurant SONIA,"-12.0773039,-77.1696105,11z",5,"Excelentes platillos con una saz√≥n muy buena, ambiente r√∫stico agradable, especialidad en comida marina."
Restaurant SONIA,"-12.0773039,-77.1696105,11z",5,Se come bien buena att
Restaurant SONIA,"-12.0773039,-77.1696105,11z",5,"La excelente calidad de su comida del mar, todo delicioso, no hay pierde. Buena atenci√≥n"
Restaurant SONIA,"-12.0773039,-77.1696105,11z",4,"Buen restaurante de comida de Mar peruana, ambiente acogedor con m√∫sica en vivo, la comida deliciosa y la atenci√≥n super especial, recomendado!!"
Restaurant SONIA,"-12.0773039,-77.1696105,11z",5,"Gua sigue siendo bueno,ordenado,limpio y sobre todo mantienen el buen sabor de sus comidas.vale la pena ir a Chorrillos üëè‚Ä¶"
Restaurant SONIA,"-12.0773039,-77.1696105,11z",5,Riquisima comida marina... buena atencion...precios moderados .. ambiente rustico agradable
Restaurant SONIA,"-12.0773039,-77.1696105,11z",4,"Buen lugar para comer pescado y mariscos. Ambiente acogedor,  buena atencion y exquisita comida."
Restaurant SONIA,"-12.0773039,-77.1696105,11z",5,"En comida marina siempre es bueno, muy recomendable."
Restaurant SONIA,"-12.0773039,-77.1696105,11z",5,Muy buena saz√≥n. Restaurante de comida criolla y marina. Carta variada. Precios un poco elevados.
Restaurant SONIA,"-12.0773039,-77.1696105,11z",3,La comida buenisima pero el mesero que nos toc√≥ arruin√≥ la experiencia culimaria. No volveremos lastimosamente.
Restaurant SONIA,"-12.0773039,-77.1696105,11z",5,De los mejores ceviches m√°s ricos que haya probado. Palabra de cevichero. Gran servicio!
Restaurant SONIA,"-12.0773039,-77.1696105,11z",5,Un exelente lugar para ir con la familia y comer todo lo que es comida marina una atenci√≥n A1 y un exelente comida
Restaurant SONIA,"-12.0773039,-77.1696105,11z",5,Delicioso chupe de camarones con bastantes camarones.
Restaurant SONIA,"-12.0773039,-77.1696105,11z",5,"Excelente  Comida y Atenci√≥n, adem√°s de ser muy cl√°sico y la m√∫sica de fondo siempre con el Piano."
Restaurant SONIA,"-12.0773039,-77.1696105,11z",5,"Muy buena comida, como siempre pescado fresco y amable atencion"
Restaurant SONIA,"-12.0773039,-77.1696105,11z",4,"Buen sabor, buena calidad y buena atenci√≥n"
Restaurant SONIA,"-12.0773039,-77.1696105,11z",4,Excelente comida pero los precios un poco caros.
Restaurant SONIA,"-12.0773039,-77.1696105,11z",5,Se extra√±a a la Sra. Sonia y de siente...pero la comida buena como siempre y hayvque disfrutar del gran Fredy Guardia y sus d√©cimas...
Restaurant SONIA,"-12.0773039,-77.1696105,11z",2,"A pesar de la calidad de los productos marinos, el ambiente no es recomendable para comer con tranquilidad, la m√∫sica es demasiado estridente, la relaci√≥n beneficio - costo es baja."
Restaurant SONIA,"-12.0773039,-77.1696105,11z",4,"Restaurant chorrillano, de f√°cil acceso donde podr√°s disfrutar y degustar,  los mejores potajes marinos, buena atenci√≥n, con melod√≠a de piano que acompa√±a tu placer de comer."
Restaurant SONIA,"-12.0773039,-77.1696105,11z",5,"Siempre con la saz√≥n y tradici√≥n que los caracteriza..
Hermoso sitio para regresar."
Restaurant SONIA,"-12.0773039,-77.1696105,11z",4,"La comida es muy sabrosa, sin embargo se demoran en servir"
Restaurant SONIA,"-12.0773039,-77.1696105,11z",5,"La verdad?, √©s como un huarique, peque√±o, pero, con muchas sorpresas: comidas exquisitas, bebidas de todo tipo, color y precios, y una atenci√≥n muy personalizada. Vis√≠tenla. Se sorprender√°n."
Restaurant SONIA,"-12.0773039,-77.1696105,11z",5,"Un restaurante genial, la comida es excelente,muy buen ambiente y buena atenci√≥n."
Restaurant SONIA,"-12.0773039,-77.1696105,11z",5,Excelente
Restaurant SONIA,"-12.0773039,-77.1696105,11z",5,"Muy bueno, no es barato pero no se puede considerar caro, lo recomiendo. Prueben el arrebozado de camarones"
Restaurant SONIA,"-12.0773039,-77.1696105,11z",4,Comida muy rica y buena atenci√≥n. Los platos est√°n alrededor de los 40 soles x persona.
Restaurant SONIA,"-12.0773039,-77.1696105,11z",5,"De primera, siempre es un gusto disfrutar de sus platillos, una delicia."
Restaurant SONIA,"-12.0773039,-77.1696105,11z",5,"La comida muy rica, pero lo mejor para m√≠ fue la m√∫sica en vivo."
Restaurant SONIA,"-12.0773039,-77.1696105,11z",5,Buen√≠sima la comida y el ambiente
Restaurant SONIA,"-12.0773039,-77.1696105,11z",5,Muyyyyyy Rico Toditito.
Restaurant SONIA,"-12.0773039,-77.1696105,11z",4,"Cebiche de lenguado de los dioses, ambiente agradable con m√∫sica en vivo propia del lugar criolla recomendable estacionamiento limitado pero cuesti√≥n de acomodarse."
Restaurant SONIA,"-12.0773039,-77.1696105,11z",4,Buena comida. Muy rico todo
Restaurant SONIA,"-12.0773039,-77.1696105,11z",5,"Soy mexicana y fui con amigos, la comida rica y abundante, sin duda lo recomendaria."
Restaurant SONIA,"-12.0773039,-77.1696105,11z",5,Delicioso y con m√∫sica de piano en vivo excelente!
Restaurant SONIA,"-12.0773039,-77.1696105,11z",2,"No es bueno , servicio mediocre, comida regular y cara ."
Restaurant SONIA,"-12.0773039,-77.1696105,11z",4,"Como siempre, muy buena comida. Muy recomendable"
Restaurant SONIA,"-12.0773039,-77.1696105,11z",4,"Lugar acogedor,  atenci√≥n esmerada, platillos bien servidos y super ricos."
Restaurant SONIA,"-12.0773039,-77.1696105,11z",5,Muy buena atenci√≥n y excelente saz√≥n
Restaurant SONIA,"-12.0773039,-77.1696105,11z",5,Buena aun que el moso retiraba todo muy rapido y me dejo sin canchinta en la mesa una falta de detalle la comida muy buena
Restaurant SONIA,"-12.0773039,-77.1696105,11z",5,Excelente. La comida riqu√≠sima.
Restaurant SONIA,"-12.0773039,-77.1696105,11z",4,"Buenos platos con la calidad de siempre, los precios han subido bastante comparado a hace varios a√±os atras"
Restaurant SONIA,"-12.0773039,-77.1696105,11z",5,Comida marina de primera en un lugar exclusivo que atiende a puerta cerrada
Restaurant SONIA,"-12.0773039,-77.1696105,11z",4,"Buena comida y atencion, pero precios altos y solo habia 1 postre."
Restaurant SONIA,"-12.0773039,-77.1696105,11z",5,Definitivamente fue todo un placer degustar la gran variedad de platos que ofrecen.
Restaurant SONIA,"-12.0773039,-77.1696105,11z",5,"Su deseas disfrutar de un buen cebiche , una u√±itas de cangrajo a la parmesana y otros platos deliciosos ven a Sonia que te encantar√°"
Restaurant SONIA,"-12.0773039,-77.1696105,11z",5,"Ambiente acogedor , y platos deliciosos. Una experiencia recomendable."
Restaurant SONIA,"-12.0773039,-77.1696105,11z",5,"Excelente! Trabaj√© ah√≠ durante mistura 2010, buen√≠simo"
Restaurant SONIA,"-12.0773039,-77.1696105,11z",5,"Muy tradicional, excelente preparaci√≥n de sus platillos, ambiente bohemio peruano"
Restaurant SONIA,"-12.0773039,-77.1696105,11z",5,Muy buen point para meter un cevichazo!!! La atenci√≥n buena y super tradicional!!! Excelente comida!!!!  #Cevichazo #Cortandola
Restaurant SONIA,"-12.0773039,-77.1696105,11z",5,"Excelente, servicio 100% bueno, comida 100 / 100 muy buena."
Restaurant SONIA,"-12.0773039,-77.1696105,11z",5,"Muy buena comida, excelente"
Restaurant SONIA,"-12.0773039,-77.1696105,11z",5,"Muyy ricooo, todo fresco , muy buena atenci√≥n, buena m√∫sica, excelente...."
Restaurant SONIA,"-12.0773039,-77.1696105,11z",4,Lugar cerrado tienes que tocar la puerta para ser atendido. Muy bueno
Restaurant SONIA,"-12.0773039,-77.1696105,11z",5,Un Lugar Muy Acogedor y todo muy Rico.
Restaurant SONIA,"-12.0773039,-77.1696105,11z",4,"Me gust√≥ la comida, y el due√±o del restaurante muy amable."
Restaurant SONIA,"-12.0773039,-77.1696105,11z",4,"Caro, pero rico. La m√∫sica tambi√©n alegra la velada. Si lo recomiendo :)"
Restaurant SONIA,"-12.0773039,-77.1696105,11z",4,"Comida buena de alta calidad, sin embargo los precios altos. Se justifica el costo-beneficio"
Restaurant SONIA,"-12.0773039,-77.1696105,11z",5,Comida rica. Pesca del d√≠a. El due√±o pesca y lleva sus peces para ser preparados.
Restaurant SONIA,"-12.0773039,-77.1696105,11z",4,Excelente comida marina y muy buen ambiente con m√∫sica en vivo
Restaurant SONIA,"-12.0773039,-77.1696105,11z",5,"Para desirle la verdad ,un lugar acogedor parece que estuvieras en un pueblito de pescadores ,la comida riqu√≠sima y la atenci√≥n buenaza"
Restaurant SONIA,"-12.0773039,-77.1696105,11z",1,"Caro , mala atencion y mala comida. Te cobran cover por una bulla musical horrible"
Restaurant SONIA,"-12.0773039,-77.1696105,11z",5,"Buen lugar para comer mariscos, super 'caleta'
Y la m√∫sica incre√≠ble."
Restaurant SONIA,"-12.0773039,-77.1696105,11z",5,amplio lugar y buen sabor
Restaurant SONIA,"-12.0773039,-77.1696105,11z",4,"Buena comida, precio promedio por plato US$15.00"
Restaurant SONIA,"-12.0773039,-77.1696105,11z",4,Simp√°tico el lugar. Chita frita
Restaurant SONIA,"-12.0773039,-77.1696105,11z",5,"Pescados y mariscos muy frescos, atencion de primera !!!!"
Restaurant SONIA,"-12.0773039,-77.1696105,11z",5,Excelente ambiente y los mejores platos
Restaurant SONIA,"-12.0773039,-77.1696105,11z",5,"Excelente lugar, cerca al malec√≥n de Chorrillos para disfrutar de una buena comida marina."
Restaurant SONIA,"-12.0773039,-77.1696105,11z",5,Muy recomendable para  compartir en familia
Restaurant SONIA,"-12.0773039,-77.1696105,11z",3,"T√≠pico, r√∫stico, rico, no delicioso pero si rico, algo caro. Dir√≠a: tur√≠stico :)"
Restaurant SONIA,"-12.0773039,-77.1696105,11z",5,Todo muy rico! Solo para el sudado 3 estrellas ü§ó‚Ä¶
Restaurant SONIA,"-12.0773039,-77.1696105,11z",4,"La comida buenisisima. Buen ambiente, buena atencion, el problema es el parqueo."
Restaurant SONIA,"-12.0773039,-77.1696105,11z",5,"Muy buen lugar, incre√≠bles los pescados y muy buena atenci√≥n"
Restaurant SONIA,"-12.0773039,-77.1696105,11z",5,La comida tiene sabor y saz√≥n de casa muy buena
Restaurant SONIA,"-12.0773039,-77.1696105,11z",5,Excelente lugar
Restaurant SONIA,"-12.0773039,-77.1696105,11z",5,"Exelente lugar, todo muy delicioso."
Restaurant SONIA,"-12.0773039,-77.1696105,11z",5,Buen sabor muy caro en precios. Solo para ir una vez
Restaurant SONIA,"-12.0773039,-77.1696105,11z",4,Buena comida! El filete de pescado en salsa de champi√±ones es muy bueno!
Restaurant SONIA,"-12.0773039,-77.1696105,11z",5,Delicioso. Buena atenci√≥n. Grato ambiente
Restaurant SONIA,"-12.0773039,-77.1696105,11z",5,Muy Buena la comida y muy Buena atenci√≥n.   Me encant√≥ los picarones!!!
Restaurant SONIA,"-12.0773039,-77.1696105,11z",3,"Buen sabor de sus platos, lamentablemente los mozos piden propina"
Restaurant SONIA,"-12.0773039,-77.1696105,11z",5,Buena comida siempre agradable buen ambiente
Restaurant SONIA,"-12.0773039,-77.1696105,11z",5,"La atenci√≥n  pero sobre todo la comida es muy buena, recomendad√≠simo!!!"
Restaurant SONIA,"-12.0773039,-77.1696105,11z",5,"Despu√©s de tiempo. Siempre buen√≠simo, a pesar del tiempo, m√°s de 25 a√±os!!..calidad y acogedor!!üòäüëç‚Ä¶"
Restaurant SONIA,"-12.0773039,-77.1696105,11z",4,"Buenisima la comida, muy buen ambiente!"
Restaurant SONIA,"-12.0773039,-77.1696105,11z",3,"La comida deliciosa, a pesar de que ped√≠ sin picante pero decidieron ponerle igual."
Restaurant SONIA,"-12.0773039,-77.1696105,11z",5,"Agradable lugar, buena saz√≥n."
Restaurant SONIA,"-12.0773039,-77.1696105,11z",4,"Muy bueno!!! Ceviche de conchas negras y la parihuela, son expectaculares."
Restaurant SONIA,"-12.0773039,-77.1696105,11z",4,La calidad de su comida es muy buena al igual que la frescura de los alimentos.
Restaurant SONIA,"-12.0773039,-77.1696105,11z",5,"Excelente y grato ambiente familiar, amigos de siempre"
Restaurant SONIA,"-12.0773039,-77.1696105,11z",5,Lo mejor en pescados y mariscos. Un excelente servicio.
Restaurant SONIA,"-12.0773039,-77.1696105,11z",4,Un lugar tranquilo uno de los mejores sudados... excelente atenci√≥n
Restaurant SONIA,"-12.0773039,-77.1696105,11z",4,Buen lugar para un buen ceviche y comida marina.
Restaurant SONIA,"-12.0773039,-77.1696105,11z",4,"Buena comida, aunque los precios son caros"
Restaurant SONIA,"-12.0773039,-77.1696105,11z",5,Muy buena saz√≥n
Restaurant SONIA,"-12.0773039,-77.1696105,11z",5,Excelente opci√≥n. Riqu√≠simo y menos caro de lo que la gente imagina.
Restaurant SONIA,"-12.0773039,-77.1696105,11z",4,Siempre es un placer. Cerca al malec√≥n un restaurante ubicado en una zona tradicional de Chorrillos.
Restaurant SONIA,"-12.0773039,-77.1696105,11z",5,"Excelente lugar, excelente atenci√≥n, excelente comida. Totalmente recomendado."
Restaurant SONIA,"-12.0773039,-77.1696105,11z",5,Excelente comida y atenci√≥n
Restaurant SONIA,"-12.0773039,-77.1696105,11z",5,Vale la pena
Restaurant SONIA,"-12.0773039,-77.1696105,11z",5,"Platos deliciosos, ambiente muy acogedor"
Restaurant SONIA,"-12.0773039,-77.1696105,11z",1,Te obliga a pagar cover de m√∫sica y los platos que ofrecen no son generosos
Restaurant SONIA,"-12.0773039,-77.1696105,11z",5,Sabores exquisitos a buen precio y en ambiente de casa !
Restaurant SONIA,"-12.0773039,-77.1696105,11z",5,"Rica comida, bonita decoraci√≥n y entretenido, buena m√∫sica"
Restaurant SONIA,"-12.0773039,-77.1696105,11z",2,Caro y no muy bueno
Restaurant SONIA,"-12.0773039,-77.1696105,11z",5,Productos frescos y con buen sabor
Restaurant SONIA,"-12.0773039,-77.1696105,11z",5,"Bonito, para ir en familia, o con tu pareja, acogedor, limpio, de buen trato"
Restaurant SONIA,"-12.0773039,-77.1696105,11z",5,"Buen ambiente, la comida excelente!! Y la atenci√≥n muy buena!!"
Restaurant SONIA,"-12.0773039,-77.1696105,11z",5,Excelente restaurante  ceviche y mariscos
Restaurant SONIA,"-12.0773039,-77.1696105,11z",3,"Sirven muy poco...antes no era as√≠...pero eso si,la comida muy buena"
Restaurant SONIA,"-12.0773039,-77.1696105,11z",4,Buenas comida
Restaurant SONIA,"-12.0773039,-77.1696105,11z",5,Muy bueno todoo!!
Restaurant SONIA,"-12.0773039,-77.1696105,11z",5,Es mi lugar favorito de la vida y el amor.
Restaurant SONIA,"-12.0773039,-77.1696105,11z",4,"Por la buena comida, buena atenci√≥n y buen ambiente musical."
Restaurant SONIA,"-12.0773039,-77.1696105,11z",4,El costo de los platos esta elevado para la calidad del restaurant
Restaurant SONIA,"-12.0773039,-77.1696105,11z",4,Disfrut√© la buena saz√≥n üòãüòãüëå‚Ä¶
Restaurant SONIA,"-12.0773039,-77.1696105,11z",4,Amplio y agradable. Recomiendo implementar acceso para personas en silla de ruedas.
Restaurant SONIA,"-12.0773039,-77.1696105,11z",4,"Muy Acogedor la Atenci√≥n es de Primera, te sientes como de visita en casa de alg√∫n conocido"
Restaurant SONIA,"-12.0773039,-77.1696105,11z",5,Delicioso ceviche. El mejor ambiente.
Restaurant SONIA,"-12.0773039,-77.1696105,11z",5,Excelente muy rico
